{
  "baselines": {
    "total_chunks": {
      "mean": 189.5,
      "median": 185.0,
      "std": 19.379972480200617,
      "min": 167,
      "max": 222
    },
    "source_chunks": {
      "sec": {
        "mean": 103.16666666666667,
        "median": 106.5
      },
      "wikipedia": {
        "mean": 21.166666666666668,
        "median": 21.0
      },
      "news": {
        "mean": 65.16666666666667,
        "median": 69.0
      }
    },
    "tables": {
      "mean": 84.66666666666667,
      "median": 77.0
    },
    "completeness": {
      "mean": 1.0,
      "median": 1.0
    }
  },
  "thresholds": {
    "small": 174.65,
    "medium": 198.15
  },
  "generated_at": "2025-12-09T18:05:37"
}